<ImportExportXml xmlns:xsi="http://www.w3.org/2001/XMLSchema-instance">
  <Entities></Entities>
  <Roles></Roles>
  <Workflows>
    <Workflow WorkflowId="{93f3ad17-342a-ee11-bdf4-002248964de4}" Name="Create Zip Archive - SPO">
      <JsonFileName>/Workflows/CreateZipArchive-SPO-93F3AD17-342A-EE11-BDF4-002248964DE4.json</JsonFileName>
      <Type>1</Type>
      <Subprocess>0</Subprocess>
      <Category>5</Category>
      <Mode>0</Mode>
      <Scope>4</Scope>
      <OnDemand>0</OnDemand>
      <TriggerOnCreate>0</TriggerOnCreate>
      <TriggerOnDelete>0</TriggerOnDelete>
      <AsyncAutodelete>0</AsyncAutodelete>
      <SyncWorkflowLogOnFailure>0</SyncWorkflowLogOnFailure>
      <StateCode>1</StateCode>
      <StatusCode>2</StatusCode>
      <RunAs>1</RunAs>
      <IsTransacted>1</IsTransacted>
      <IntroducedVersion>1.0.0.0</IntroducedVersion>
      <IsCustomizable>1</IsCustomizable>
      <BusinessProcessType>0</BusinessProcessType>
      <IsCustomProcessingStepAllowedForOtherPublishers>1</IsCustomProcessingStepAllowedForOtherPublishers>
      <PrimaryEntity>none</PrimaryEntity>
      <LocalizedNames>
        <LocalizedName languagecode="1033" description="Create Zip Archive - SPO" />
      </LocalizedNames>
    </Workflow>
  </Workflows>
  <FieldSecurityProfiles></FieldSecurityProfiles>
  <Templates />
  <EntityMaps />
  <EntityRelationships />
  <OrganizationSettings />
  <optionsets />
  <CustomControls />
  <EntityDataProviders />
  <CanvasApps>
    <CanvasApp>
      <Name>cr2e6_zippoc_80ffa</Name>
      <AppVersion>2023-07-24T10:49:08Z</AppVersion>
      <Status>Ready</Status>
      <CreatedByClientVersion>3.23072.22.0</CreatedByClientVersion>
      <MinClientVersion>3.23072.22.0</MinClientVersion>
      <Tags>{"primaryDeviceWidth":"1366","primaryDeviceHeight":"768","supportsPortrait":"true","supportsLandscape":"true","primaryFormFactor":"Tablet","publisherVersion":"3.23072.22","minimumRequiredApiVersion":"2.2.0","hasComponent":"false","hasUnlockedComponent":"false","isUnifiedRootApp":"false","sienaVersion":"20230724T104908Z-3.23072.22.0"}</Tags>
      <IsCdsUpgraded>0</IsCdsUpgraded>
      <GalleryItemId xsi:nil="true"></GalleryItemId>
      <BackgroundColor>RGBA(0,176,240,1)</BackgroundColor>
      <DisplayName>ZIP POC</DisplayName>
      <Description xsi:nil="true"></Description>
      <CommitMessage xsi:nil="true"></CommitMessage>
      <Publisher xsi:nil="true"></Publisher>
      <AuthorizationReferences>[]</AuthorizationReferences>
      <ConnectionReferences>{"c1eb5e2a-26b7-4cfa-a7d5-b47c0f2a91e4":{"id":"/providers/microsoft.powerapps/apis/shared_sharepointonline","displayName":"SharePoint","iconUri":"https://connectoricons-prod.azureedge.net/u/shgogna/globalperconnector-train1/1.0.1639.3312/sharepointonline/icon.png","dataSources":["RenderListDataAsStream"],"dependencies":[],"dependents":["29dc20b6-de5d-448c-83a0-ce6f1e8293e5"],"parameterHints":{},"parameterHintsV2":{},"isOnPremiseConnection":false,"bypassConsent":false,"dataSets":{"https://m365x59074758.sharepoint.com/sites/ZIPPOC":{"dataSources":{"RenderListDataAsStream":{"tableName":"2c66207c-ea47-4f87-a5dc-5c5f90b1b0b9"}}}},"apiTier":"Standard","actions":["providers/PowerPlatform.Governance/Operations/Read"]},"29dc20b6-de5d-448c-83a0-ce6f1e8293e5":{"id":"/providers/microsoft.powerapps/apis/shared_logicflows","displayName":"Logic flows","iconUri":"https://connectoricons-prod.azureedge.net/releases/v1.0.1645/1.0.1645.3345/logicflows/icon.png","dataSources":["CreateZipArchive-SPO"],"dependencies":["c1eb5e2a-26b7-4cfa-a7d5-b47c0f2a91e4","889cbf1f-a3bc-44d2-9c1a-9dd9ec26a375"],"dependents":[],"parameterHints":{"workflowName":{"value":"42340a4c-5c6d-4743-8616-1ebf9e136fa6"},"workflowEntityId":{},"c1eb5e2a-26b7-4cfa-a7d5-b47c0f2a91e4":{"value":"shared_sharepointonline"},"889cbf1f-a3bc-44d2-9c1a-9dd9ec26a375":{"value":"shared_onedriveforbusiness"}},"parameterHintsV2":{"workflowName":{"value":"42340a4c-5c6d-4743-8616-1ebf9e136fa6"},"workflowEntityId":{},"shared_sharepointonline":{"value":"c1eb5e2a-26b7-4cfa-a7d5-b47c0f2a91e4"},"shared_onedriveforbusiness":{"value":"889cbf1f-a3bc-44d2-9c1a-9dd9ec26a375"}},"isOnPremiseConnection":false,"bypassConsent":false,"dataSets":{},"apiTier":"Standard","actions":["Run"]},"889cbf1f-a3bc-44d2-9c1a-9dd9ec26a375":{"id":"/providers/microsoft.powerapps/apis/shared_onedriveforbusiness","displayName":"OneDrive for Business","iconUri":"https://connectoricons-prod.azureedge.net/u/shgogna/globalperconnector-train1/1.0.1639.3312/onedriveforbusiness/icon.png","dataSources":[],"dependencies":[],"dependents":["29dc20b6-de5d-448c-83a0-ce6f1e8293e5"],"parameterHints":{},"parameterHintsV2":{},"isOnPremiseConnection":false,"bypassConsent":false,"dataSets":{},"apiTier":"Standard"}}</ConnectionReferences>
      <DatabaseReferences>{}</DatabaseReferences>
      <AppComponents>[]</AppComponents>
      <AppComponentDependencies>[]</AppComponentDependencies>
      <CanConsumeAppPass>1</CanConsumeAppPass>
      <CanvasAppType>0</CanvasAppType>
      <BypassConsent>0</BypassConsent>
      <AdminControlBypassConsent>0</AdminControlBypassConsent>
      <EmbeddedApp xsi:nil="true"></EmbeddedApp>
      <IntroducedVersion>1.0</IntroducedVersion>
      <CdsDependencies>{"cdsdependencies":[]}</CdsDependencies>
      <IsCustomizable>1</IsCustomizable>
      <BackgroundImageUri>/CanvasApps/cr2e6_zippoc_80ffa_BackgroundImageUri</BackgroundImageUri>
      <DocumentUri>/CanvasApps/cr2e6_zippoc_80ffa_DocumentUri.msapp</DocumentUri>
    </CanvasApp>
  </CanvasApps>
  <connectionreferences>
    <connectionreference connectionreferencelogicalname="cr2e6_sharedonedriveforbusiness_2bfe1">
      <connectionreferencedisplayname>OneDrive for Business ZIPPOC-2bfe1</connectionreferencedisplayname>
      <connectorid>/providers/Microsoft.PowerApps/apis/shared_onedriveforbusiness</connectorid>
      <iscustomizable>1</iscustomizable>
      <statecode>0</statecode>
      <statuscode>1</statuscode>
    </connectionreference>
    <connectionreference connectionreferencelogicalname="cr2e6_sharedsharepointonline_d88a8">
      <connectionreferencedisplayname>SharePoint ZIPPOC-d88a8</connectionreferencedisplayname>
      <connectorid>/providers/Microsoft.PowerApps/apis/shared_sharepointonline</connectorid>
      <iscustomizable>1</iscustomizable>
      <statecode>0</statecode>
      <statuscode>1</statuscode>
    </connectionreference>
  </connectionreferences>
  <Languages>
    <Language>1033</Language>
  </Languages>
</ImportExportXml>