{
  "properties": {
    "connectionReferences": {
      "shared_sharepointonline": {
        "runtimeSource": "invoker",
        "connection": {
          "connectionReferenceLogicalName": "cr2e6_sharedsharepointonline_d88a8"
        },
        "api": {
          "name": "shared_sharepointonline"
        }
      },
      "shared_onedriveforbusiness": {
        "runtimeSource": "invoker",
        "connection": {
          "connectionReferenceLogicalName": "cr2e6_sharedonedriveforbusiness_2bfe1"
        },
        "api": {
          "name": "shared_onedriveforbusiness"
        }
      }
    },
    "definition": {
      "$schema": "https://schema.management.azure.com/providers/Microsoft.Logic/schemas/2016-06-01/workflowdefinition.json#",
      "contentVersion": "1.0.0.0",
      "parameters": {
        "$connections": {
          "defaultValue": {},
          "type": "Object"
        },
        "$authentication": {
          "defaultValue": {},
          "type": "SecureObject"
        }
      },
      "triggers": {
        "manual": {
          "metadata": {
            "operationMetadataId": "b73a5a22-6568-490e-aa29-956cdd99642d"
          },
          "type": "Request",
          "kind": "PowerAppV2",
          "inputs": {
            "schema": {
              "type": "object",
              "properties": {
                "date": {
                  "title": "StartDate",
                  "type": "string",
                  "format": "date",
                  "x-ms-dynamically-added": true,
                  "description": "Please enter or select a date (YYYY-MM-DD)",
                  "x-ms-content-hint": "DATE"
                },
                "date_1": {
                  "title": "EndDate",
                  "type": "string",
                  "format": "date",
                  "x-ms-dynamically-added": true,
                  "description": "Please enter or select a date (YYYY-MM-DD)",
                  "x-ms-content-hint": "DATE"
                }
              },
              "required": [
                "date",
                "date_1"
              ]
            }
          }
        }
      },
      "actions": {
        "Send_an_HTTP_request_to_SharePoint": {
          "runAfter": {},
          "metadata": {
            "operationMetadataId": "d3824a6c-f424-4cda-a0c3-21aaa8df74e5"
          },
          "type": "OpenApiConnection",
          "inputs": {
            "host": {
              "connectionName": "shared_sharepointonline",
              "operationId": "HttpRequest",
              "apiId": "/providers/Microsoft.PowerApps/apis/shared_sharepointonline"
            },
            "parameters": {
              "dataset": "https://m365x59074758.sharepoint.com/sites/ZIPPOC",
              "parameters/method": "POST",
              "parameters/uri": "_api/web/lists/GetByTitle('RenderListDataAsStream')/RenderListDataAsStream",
              "parameters/headers": {
                "Accept": "Application/json;odata=verbose",
                "Content-Type": "Application/json;odata=verbose"
              },
              "parameters/body": "{\n  \"parameters\": {\n    \"RenderOptions\": 4103,\n\"ViewXml\":\n\"<View Scope='RecursiveAll'>\n    <Query>       \n        <Where>\n            <And>\n                <Geq>\n                    <FieldRef Name='DueDate' />\n                        <Value Type='DateTime'>@{triggerBody()['date']}</Value>\n                </Geq>\n                <Leq><FieldRef Name='DueDate' />\n                    <Value Type='DateTime'>@{triggerBody()['date_1']}</Value>\n                </Leq>\n            </And>\n        </Where>\n    </Query>\n</View>\"\n  }\n}"
            },
            "authentication": "@parameters('$authentication')"
          }
        },
        "Parse_JSON": {
          "runAfter": {
            "Send_an_HTTP_request_to_SharePoint": [
              "Succeeded"
            ]
          },
          "metadata": {
            "operationMetadataId": "f99c27f7-658d-407f-84ab-70097d30f42b"
          },
          "type": "ParseJson",
          "inputs": {
            "content": "@body('Send_an_HTTP_request_to_SharePoint')",
            "schema": {
              "type": "object",
              "properties": {
                "wpq": {
                  "type": "string"
                },
                "Templates": {
                  "type": "object",
                  "properties": {}
                },
                "ListData": {
                  "type": "object",
                  "properties": {
                    "Row": {
                      "type": "array",
                      "items": {
                        "type": "object",
                        "properties": {
                          "ContentTypeId": {
                            "type": "string"
                          },
                          "_ModerationComments": {
                            "type": "string"
                          },
                          "FileLeafRef": {
                            "type": "string"
                          },
                          "FileLeafRef.Name": {
                            "type": "string"
                          },
                          "FileLeafRef.Suffix": {
                            "type": "string"
                          },
                          "Modified_x0020_By": {
                            "type": "string"
                          },
                          "Created_x0020_By": {
                            "type": "string"
                          },
                          "File_x0020_Type": {
                            "type": "string"
                          },
                          "HTML_x0020_File_x0020_Type.File_x0020_Type.mapall": {
                            "type": "string"
                          },
                          "HTML_x0020_File_x0020_Type.File_x0020_Type.mapcon": {
                            "type": "string"
                          },
                          "HTML_x0020_File_x0020_Type.File_x0020_Type.mapico": {
                            "type": "string"
                          },
                          "serverurl.progid": {
                            "type": "string"
                          },
                          "ServerRedirectedEmbedUrl": {
                            "type": "string"
                          },
                          "File_x0020_Type.progid": {
                            "type": "string"
                          },
                          "File_x0020_Type.url": {
                            "type": "string"
                          },
                          "HTML_x0020_File_x0020_Type": {
                            "type": "string"
                          },
                          "_SourceUrl": {
                            "type": "string"
                          },
                          "_SharedFileIndex": {
                            "type": "string"
                          },
                          "_ColorHex": {
                            "type": "string"
                          },
                          "_ColorTag": {
                            "type": "string"
                          },
                          "_Emoji": {
                            "type": "string"
                          },
                          "ComplianceAssetId": {
                            "type": "string"
                          },
                          "Title": {
                            "type": "string"
                          },
                          "TemplateUrl": {
                            "type": "string"
                          },
                          "xd_ProgID": {
                            "type": "string"
                          },
                          "xd_Signature": {
                            "type": "string"
                          },
                          "xd_Signature.value": {
                            "type": "string"
                          },
                          "_ShortcutUrl": {
                            "type": "string"
                          },
                          "_ShortcutUrl.desc": {
                            "type": "string"
                          },
                          "_ShortcutSiteId": {
                            "type": "string"
                          },
                          "_ShortcutWebId": {
                            "type": "string"
                          },
                          "_ShortcutUniqueId": {
                            "type": "string"
                          },
                          "_ExtendedDescription": {
                            "type": "string"
                          },
                          "TriggerFlowInfo": {
                            "type": "string"
                          },
                          "DueDate": {
                            "type": "string"
                          },
                          "DueDate.": {
                            "type": "string"
                          },
                          "ID": {
                            "type": "string"
                          },
                          "ContentType": {
                            "type": "string"
                          },
                          "WelcomeViewId": {
                            "type": "string"
                          },
                          "WelcomePageCustomized": {
                            "type": "string"
                          },
                          "Created": {
                            "type": "string"
                          },
                          "Created.": {
                            "type": "string"
                          },
                          "Author": {
                            "type": "array",
                            "items": {
                              "type": "object",
                              "properties": {
                                "id": {
                                  "type": "string"
                                },
                                "title": {
                                  "type": "string"
                                },
                                "email": {
                                  "type": "string"
                                },
                                "sip": {
                                  "type": "string"
                                },
                                "picture": {
                                  "type": "string"
                                }
                              },
                              "required": [
                                "id",
                                "title",
                                "email",
                                "sip",
                                "picture"
                              ]
                            }
                          },
                          "Author.id": {
                            "type": "string"
                          },
                          "Author.title": {
                            "type": "string"
                          },
                          "Author.span": {
                            "type": "string"
                          },
                          "Author.email": {
                            "type": "string"
                          },
                          "Author.sip": {
                            "type": "string"
                          },
                          "Author.jobTitle": {
                            "type": "string"
                          },
                          "Author.department": {
                            "type": "string"
                          },
                          "Author.picture": {
                            "type": "string"
                          },
                          "Modified": {
                            "type": "string"
                          },
                          "Modified.": {
                            "type": "string"
                          },
                          "Editor": {
                            "type": "array",
                            "items": {
                              "type": "object",
                              "properties": {
                                "id": {
                                  "type": "string"
                                },
                                "title": {
                                  "type": "string"
                                },
                                "email": {
                                  "type": "string"
                                },
                                "sip": {
                                  "type": "string"
                                },
                                "picture": {
                                  "type": "string"
                                }
                              },
                              "required": [
                                "id",
                                "title",
                                "email",
                                "sip",
                                "picture"
                              ]
                            }
                          },
                          "Editor.id": {
                            "type": "string"
                          },
                          "Editor.title": {
                            "type": "string"
                          },
                          "Editor.span": {
                            "type": "string"
                          },
                          "Editor.email": {
                            "type": "string"
                          },
                          "Editor.sip": {
                            "type": "string"
                          },
                          "Editor.jobTitle": {
                            "type": "string"
                          },
                          "Editor.department": {
                            "type": "string"
                          },
                          "Editor.picture": {
                            "type": "string"
                          },
                          "_HasCopyDestinations": {
                            "type": "string"
                          },
                          "_HasCopyDestinations.value": {
                            "type": "string"
                          },
                          "_CopySource": {
                            "type": "string"
                          },
                          "_ModerationStatus": {
                            "type": "string"
                          },
                          "_ModerationStatus.": {
                            "type": "string"
                          },
                          "FileRef": {
                            "type": "string"
                          },
                          "FileRef.urlencode": {
                            "type": "string"
                          },
                          "FileRef.urlencodeasurl": {
                            "type": "string"
                          },
                          "FileRef.urlencoding": {
                            "type": "string"
                          },
                          "FileRef.scriptencodeasurl": {
                            "type": "string"
                          },
                          "FileDirRef": {
                            "type": "string"
                          },
                          "Last_x0020_Modified": {
                            "type": "string"
                          },
                          "Last_x0020_Modified.": {
                            "type": "string"
                          },
                          "Created_x0020_Date": {
                            "type": "string"
                          },
                          "Created_x0020_Date.": {
                            "type": "string"
                          },
                          "Created_x0020_Date.ifnew": {
                            "type": "string"
                          },
                          "File_x0020_Size": {
                            "type": "string"
                          },
                          "FSObjType": {
                            "type": "string"
                          },
                          "SortBehavior": {
                            "type": "string"
                          },
                          "PermMask": {
                            "type": "string"
                          },
                          "PrincipalCount": {
                            "type": "string"
                          },
                          "CheckedOutUserId": {
                            "type": "string"
                          },
                          "IsCheckedoutToLocal": {
                            "type": "string"
                          },
                          "CheckoutUser": {
                            "type": "string"
                          },
                          "CheckoutUser.id": {
                            "type": "string"
                          },
                          "CheckoutUser.title": {
                            "type": "string"
                          },
                          "CheckoutUser.span": {
                            "type": "string"
                          },
                          "CheckoutUser.email": {
                            "type": "string"
                          },
                          "CheckoutUser.sip": {
                            "type": "string"
                          },
                          "CheckoutUser.jobTitle": {
                            "type": "string"
                          },
                          "CheckoutUser.department": {
                            "type": "string"
                          },
                          "CheckoutUser.picture": {
                            "type": "string"
                          },
                          "UniqueId": {
                            "type": "string"
                          },
                          "ParentUniqueId": {
                            "type": "string"
                          },
                          "SyncClientId": {
                            "type": "string"
                          },
                          "ProgId": {
                            "type": "string"
                          },
                          "ScopeId": {
                            "type": "string"
                          },
                          "VirusStatus": {
                            "type": "string"
                          },
                          "CheckedOutTitle": {
                            "type": "string"
                          },
                          "_CheckinComment": {
                            "type": "string"
                          },
                          "LinkCheckedOutTitle": {
                            "type": "string"
                          },
                          "_EditMenuTableStart": {
                            "type": "string"
                          },
                          "_EditMenuTableStart2": {
                            "type": "string"
                          },
                          "_EditMenuTableEnd": {
                            "type": "string"
                          },
                          "LinkFilenameNoMenu": {
                            "type": "string"
                          },
                          "LinkFilename": {
                            "type": "string"
                          },
                          "LinkFilename2": {
                            "type": "string"
                          },
                          "DocIcon": {
                            "type": "string"
                          },
                          "ServerUrl": {
                            "type": "string"
                          },
                          "EncodedAbsUrl": {
                            "type": "string"
                          },
                          "BaseName": {
                            "type": "string"
                          },
                          "FileSizeDisplay": {
                            "type": "string"
                          },
                          "MetaInfo": {
                            "type": "array",
                            "items": {
                              "type": "object",
                              "properties": {
                                "lookupId": {
                                  "type": "integer"
                                },
                                "lookupValue": {
                                  "type": "string"
                                },
                                "isSecretFieldValue": {
                                  "type": "boolean"
                                }
                              },
                              "required": [
                                "lookupId",
                                "lookupValue",
                                "isSecretFieldValue"
                              ]
                            }
                          },
                          "MetaInfo.": {
                            "type": "string"
                          },
                          "_Level": {
                            "type": "string"
                          },
                          "_IsCurrentVersion": {
                            "type": "string"
                          },
                          "_IsCurrentVersion.value": {
                            "type": "string"
                          },
                          "ItemChildCount": {
                            "type": "string"
                          },
                          "FolderChildCount": {
                            "type": "string"
                          },
                          "Restricted": {
                            "type": "string"
                          },
                          "OriginatorId": {
                            "type": "string"
                          },
                          "NoExecute": {
                            "type": "string"
                          },
                          "ContentVersion": {
                            "type": "string"
                          },
                          "_ComplianceFlags": {
                            "type": "string"
                          },
                          "_ComplianceTag": {
                            "type": "string"
                          },
                          "_ComplianceTagWrittenTime": {
                            "type": "string"
                          },
                          "_ComplianceTagWrittenTime.": {
                            "type": "string"
                          },
                          "_ComplianceTagUserId": {
                            "type": "string"
                          },
                          "_IsRecord": {
                            "type": "string"
                          },
                          "BSN": {
                            "type": "string"
                          },
                          "_ListSchemaVersion": {
                            "type": "string"
                          },
                          "_Dirty": {
                            "type": "string"
                          },
                          "_Parsable": {
                            "type": "string"
                          },
                          "_StubFile": {
                            "type": "string"
                          },
                          "_HasEncryptedContent": {
                            "type": "string"
                          },
                          "_HasUserDefinedProtection": {
                            "type": "string"
                          },
                          "AccessPolicy": {
                            "type": "string"
                          },
                          "_VirusStatus": {
                            "type": "string"
                          },
                          "_VirusVendorID": {
                            "type": "string"
                          },
                          "_VirusInfo": {
                            "type": "string"
                          },
                          "_CommentFlags": {
                            "type": "string"
                          },
                          "_CommentCount": {
                            "type": "string"
                          },
                          "_LikeCount": {
                            "type": "string"
                          },
                          "_RmsTemplateId": {
                            "type": "string"
                          },
                          "_IpLabelId": {
                            "type": "string"
                          },
                          "_DisplayName": {
                            "type": "string"
                          },
                          "_IpLabelAssignmentMethod": {
                            "type": "string"
                          },
                          "A2ODMountCount": {
                            "type": "string"
                          },
                          "_ExpirationDate": {
                            "type": "string"
                          },
                          "_ExpirationDate.": {
                            "type": "string"
                          },
                          "_IpLabelHash": {
                            "type": "string"
                          },
                          "_IpLabelPromotionCtagVersion": {
                            "type": "string"
                          },
                          "_IpLabelMetaInfo": {
                            "type": "string"
                          },
                          "_AdditionalStreamSize": {
                            "type": "string"
                          },
                          "AppAuthor": {
                            "type": "string"
                          },
                          "AppEditor": {
                            "type": "string"
                          },
                          "SMTotalSize": {
                            "type": "string"
                          },
                          "SMLastModifiedDate": {
                            "type": "string"
                          },
                          "SMLastModifiedDate.": {
                            "type": "string"
                          },
                          "SMTotalFileStreamSize": {
                            "type": "string"
                          },
                          "SMTotalFileCount": {
                            "type": "string"
                          },
                          "SelectTitle": {
                            "type": "string"
                          },
                          "SelectFilename": {
                            "type": "string"
                          },
                          "Edit": {
                            "type": "string"
                          },
                          "owshiddenversion": {
                            "type": "string"
                          },
                          "_UIVersion": {
                            "type": "string"
                          },
                          "_UIVersionString": {
                            "type": "string"
                          },
                          "InstanceID": {
                            "type": "string"
                          },
                          "Order": {
                            "type": "string"
                          },
                          "Order.": {
                            "type": "string"
                          },
                          "GUID": {
                            "type": "string"
                          },
                          "WorkflowVersion": {
                            "type": "string"
                          },
                          "WorkflowInstanceID": {
                            "type": "string"
                          },
                          "ParentVersionString": {
                            "type": "string"
                          },
                          "ParentLeafName": {
                            "type": "string"
                          },
                          "DocConcurrencyNumber": {
                            "type": "string"
                          },
                          "StreamHash": {
                            "type": "string"
                          },
                          "Combine": {
                            "type": "string"
                          },
                          "RepairDocument": {
                            "type": "string"
                          },
                          "PolicyDisabledUICapabilities": {
                            "type": "string"
                          },
                          "ecb.dispex": {
                            "type": "string"
                          },
                          ".spItemUrl": {
                            "type": "string"
                          },
                          ".fileType": {
                            "type": "string"
                          },
                          ".hasThumbnail": {
                            "type": "string"
                          },
                          ".hasVideoManifest": {
                            "type": "string"
                          },
                          ".hasPdf": {
                            "type": "string"
                          },
                          ".hasOfficePreview": {
                            "type": "string"
                          },
                          ".hasBxf": {
                            "type": "string"
                          },
                          ".hasGlb": {
                            "type": "string"
                          },
                          ".hasHtml": {
                            "type": "string"
                          },
                          ".ctag": {
                            "type": "string"
                          },
                          ".etag": {
                            "type": "string"
                          }
                        },
                        "required": [
                          "ContentTypeId",
                          "_ModerationComments",
                          "FileLeafRef",
                          "FileLeafRef.Name",
                          "FileLeafRef.Suffix",
                          "Modified_x0020_By",
                          "Created_x0020_By",
                          "File_x0020_Type",
                          "HTML_x0020_File_x0020_Type.File_x0020_Type.mapall",
                          "HTML_x0020_File_x0020_Type.File_x0020_Type.mapcon",
                          "HTML_x0020_File_x0020_Type.File_x0020_Type.mapico",
                          "serverurl.progid",
                          "ServerRedirectedEmbedUrl",
                          "File_x0020_Type.progid",
                          "File_x0020_Type.url",
                          "HTML_x0020_File_x0020_Type",
                          "_SourceUrl",
                          "_SharedFileIndex",
                          "_ColorHex",
                          "_ColorTag",
                          "_Emoji",
                          "ComplianceAssetId",
                          "Title",
                          "TemplateUrl",
                          "xd_ProgID",
                          "xd_Signature",
                          "xd_Signature.value",
                          "_ShortcutUrl",
                          "_ShortcutUrl.desc",
                          "_ShortcutSiteId",
                          "_ShortcutWebId",
                          "_ShortcutUniqueId",
                          "_ExtendedDescription",
                          "TriggerFlowInfo",
                          "DueDate",
                          "DueDate.",
                          "ID",
                          "ContentType",
                          "WelcomeViewId",
                          "WelcomePageCustomized",
                          "Created",
                          "Created.",
                          "Author",
                          "Author.id",
                          "Author.title",
                          "Author.span",
                          "Author.email",
                          "Author.sip",
                          "Author.jobTitle",
                          "Author.department",
                          "Author.picture",
                          "Modified",
                          "Modified.",
                          "Editor",
                          "Editor.id",
                          "Editor.title",
                          "Editor.span",
                          "Editor.email",
                          "Editor.sip",
                          "Editor.jobTitle",
                          "Editor.department",
                          "Editor.picture",
                          "_HasCopyDestinations",
                          "_HasCopyDestinations.value",
                          "_CopySource",
                          "_ModerationStatus",
                          "_ModerationStatus.",
                          "FileRef",
                          "FileRef.urlencode",
                          "FileRef.urlencodeasurl",
                          "FileRef.urlencoding",
                          "FileRef.scriptencodeasurl",
                          "FileDirRef",
                          "Last_x0020_Modified",
                          "Last_x0020_Modified.",
                          "Created_x0020_Date",
                          "Created_x0020_Date.",
                          "Created_x0020_Date.ifnew",
                          "File_x0020_Size",
                          "FSObjType",
                          "SortBehavior",
                          "PermMask",
                          "PrincipalCount",
                          "CheckedOutUserId",
                          "IsCheckedoutToLocal",
                          "CheckoutUser",
                          "CheckoutUser.id",
                          "CheckoutUser.title",
                          "CheckoutUser.span",
                          "CheckoutUser.email",
                          "CheckoutUser.sip",
                          "CheckoutUser.jobTitle",
                          "CheckoutUser.department",
                          "CheckoutUser.picture",
                          "UniqueId",
                          "ParentUniqueId",
                          "SyncClientId",
                          "ProgId",
                          "ScopeId",
                          "VirusStatus",
                          "CheckedOutTitle",
                          "_CheckinComment",
                          "LinkCheckedOutTitle",
                          "_EditMenuTableStart",
                          "_EditMenuTableStart2",
                          "_EditMenuTableEnd",
                          "LinkFilenameNoMenu",
                          "LinkFilename",
                          "LinkFilename2",
                          "DocIcon",
                          "ServerUrl",
                          "EncodedAbsUrl",
                          "BaseName",
                          "FileSizeDisplay",
                          "MetaInfo",
                          "MetaInfo.",
                          "_Level",
                          "_IsCurrentVersion",
                          "_IsCurrentVersion.value",
                          "ItemChildCount",
                          "FolderChildCount",
                          "Restricted",
                          "OriginatorId",
                          "NoExecute",
                          "ContentVersion",
                          "_ComplianceFlags",
                          "_ComplianceTag",
                          "_ComplianceTagWrittenTime",
                          "_ComplianceTagWrittenTime.",
                          "_ComplianceTagUserId",
                          "_IsRecord",
                          "BSN",
                          "_ListSchemaVersion",
                          "_Dirty",
                          "_Parsable",
                          "_StubFile",
                          "_HasEncryptedContent",
                          "_HasUserDefinedProtection",
                          "AccessPolicy",
                          "_VirusStatus",
                          "_VirusVendorID",
                          "_VirusInfo",
                          "_CommentFlags",
                          "_CommentCount",
                          "_LikeCount",
                          "_RmsTemplateId",
                          "_IpLabelId",
                          "_DisplayName",
                          "_IpLabelAssignmentMethod",
                          "A2ODMountCount",
                          "_ExpirationDate",
                          "_ExpirationDate.",
                          "_IpLabelHash",
                          "_IpLabelPromotionCtagVersion",
                          "_IpLabelMetaInfo",
                          "_AdditionalStreamSize",
                          "AppAuthor",
                          "AppEditor",
                          "SMTotalSize",
                          "SMLastModifiedDate",
                          "SMLastModifiedDate.",
                          "SMTotalFileStreamSize",
                          "SMTotalFileCount",
                          "SelectTitle",
                          "SelectFilename",
                          "Edit",
                          "owshiddenversion",
                          "_UIVersion",
                          "_UIVersionString",
                          "InstanceID",
                          "Order",
                          "Order.",
                          "GUID",
                          "WorkflowVersion",
                          "WorkflowInstanceID",
                          "ParentVersionString",
                          "ParentLeafName",
                          "DocConcurrencyNumber",
                          "StreamHash",
                          "Combine",
                          "RepairDocument",
                          "PolicyDisabledUICapabilities",
                          "ecb.dispex",
                          ".spItemUrl",
                          ".fileType",
                          ".hasThumbnail",
                          ".hasVideoManifest",
                          ".hasPdf",
                          ".hasOfficePreview",
                          ".hasBxf",
                          ".hasGlb",
                          ".hasHtml",
                          ".ctag",
                          ".etag"
                        ]
                      }
                    },
                    "FirstRow": {
                      "type": "integer"
                    },
                    "FolderPermissions": {
                      "type": "string"
                    },
                    "LastRow": {
                      "type": "integer"
                    },
                    "RowLimit": {
                      "type": "integer"
                    },
                    "FilterLink": {
                      "type": "string"
                    },
                    "ForceNoHierarchy": {
                      "type": "string"
                    },
                    "HierarchyHasIndention": {
                      "type": "string"
                    },
                    "CurrentFolderSpItemUrl": {
                      "type": "string"
                    }
                  }
                },
                "ListSchema": {
                  "type": "object",
                  "properties": {
                    "Field": {
                      "type": "array"
                    },
                    "RequiredFields": {
                      "type": "array"
                    },
                    "LCID": {
                      "type": "string"
                    },
                    "Userid": {
                      "type": "string"
                    },
                    "PagePath": {
                      "type": "string"
                    },
                    "ShowWebPart": {
                      "type": "string"
                    },
                    "View": {
                      "type": "string"
                    },
                    "RootFolderParam": {
                      "type": "string"
                    },
                    "FieldSortParam": {
                      "type": "string"
                    },
                    "HttpVDir": {
                      "type": "string"
                    },
                    "IsDocLib": {
                      "type": "string"
                    },
                    "DefaultItemOpen": {
                      "type": "string"
                    },
                    "ForceCheckout": {
                      "type": "string"
                    },
                    "Direction": {
                      "type": "string"
                    },
                    "TabularView": {
                      "type": "string"
                    },
                    "ItemCount": {
                      "type": "string"
                    },
                    "Locale": {
                      "type": "string"
                    },
                    "ReadOnlyUI": {
                      "type": "string"
                    },
                    "Toolbar": {
                      "type": "string"
                    },
                    ".driveAccessToken": {
                      "type": "string"
                    },
                    ".driveUrl": {
                      "type": "string"
                    },
                    ".driveAccessTokenV21": {
                      "type": "string"
                    },
                    ".driveUrlV21": {
                      "type": "string"
                    },
                    ".mediaBaseUrl": {
                      "type": "string"
                    },
                    ".mediaBaseUrlSecondary": {
                      "type": "string"
                    },
                    ".pushChannelBaseUrl": {
                      "type": "string"
                    },
                    ".callerStack": {
                      "type": "string"
                    },
                    ".correlationId": {
                      "type": "string"
                    },
                    ".transformUrl": {
                      "type": "string"
                    },
                    ".thumbnailUrl": {
                      "type": "string"
                    },
                    ".videoManifestUrl": {
                      "type": "string"
                    },
                    ".pdfConversionUrl": {
                      "type": "string"
                    },
                    ".officeBundleGenerate": {
                      "type": "string"
                    },
                    ".officeBundleGetFragment": {
                      "type": "string"
                    },
                    "ReadSecurity": {
                      "type": "string"
                    },
                    "HasFolderColoringFieds": {
                      "type": "string"
                    }
                  }
                },
                "EnableAttachments": {
                  "type": "string"
                },
                "BaseViewID": {
                  "type": "string"
                },
                "ListTemplateType": {
                  "type": "string"
                },
                "listBaseType": {
                  "type": "integer"
                },
                "noGroupCollapse": {
                  "type": "boolean"
                },
                "InlineEdit": {
                  "type": "boolean"
                },
                "ModernListTemplateTypeId": {
                  "type": "string"
                },
                "Flags2": {
                  "type": "integer"
                },
                "checkPowerAppState": {
                  "type": "boolean"
                },
                "hasPendingBusinessAppMigration": {
                  "type": "boolean"
                },
                "tick": {
                  "type": "integer"
                },
                "notificationUrl": {
                  "type": "string"
                },
                "expirationDateTime": {
                  "type": "string"
                },
                "subscribeID": {
                  "type": "string"
                },
                "MachineLearningCaptureEnabled": {
                  "type": "boolean"
                },
                "AIBuilderEnabled": {
                  "type": "boolean"
                },
                "SyntexPAYGEnabled": {
                  "type": "boolean"
                },
                "MachineLearningExperienceEnabled": {
                  "type": "boolean"
                },
                "NavigateForFormsPages": {
                  "type": "boolean"
                },
                "BasePermissions": {
                  "type": "object",
                  "properties": {
                    "ManageLists": {
                      "type": "boolean"
                    },
                    "ManagePersonalViews": {
                      "type": "boolean"
                    },
                    "OpenItems": {
                      "type": "boolean"
                    },
                    "UseClientIntegration": {
                      "type": "boolean"
                    }
                  }
                },
                "ListPermissions": {
                  "type": "string"
                },
                "CreatedFromExcel": {
                  "type": "boolean"
                },
                "CreatedFromExisting": {
                  "type": "boolean"
                },
                "CurrentUserIsSiteAdmin": {
                  "type": "boolean"
                },
                "IsAppWeb": {
                  "type": "boolean"
                },
                "AllowGridMode": {
                  "type": "boolean"
                },
                "inGridMode": {
                  "type": "boolean"
                },
                "listTemplate": {
                  "type": "string"
                },
                "listName": {
                  "type": "string"
                },
                "rootFolder": {
                  "type": "string"
                },
                "view": {
                  "type": "string"
                },
                "viewTitle": {
                  "type": "string"
                },
                "listUrlDir": {
                  "type": "string"
                },
                "HttpPath": {
                  "type": "string"
                },
                "HttpRoot": {
                  "type": "string"
                },
                "WebUrl": {
                  "type": "string"
                },
                "ListUrl": {
                  "type": "string"
                },
                "NoScriptEnabled": {
                  "type": "boolean"
                },
                "imagesPath": {
                  "type": "string"
                },
                "SendToLocationName": {
                  "type": "string"
                },
                "SendToLocationUrl": {
                  "type": "string"
                },
                "RecycleBinEnabled": {
                  "type": "integer"
                },
                "OfficialFileName": {
                  "type": "string"
                },
                "OfficialFileNames": {
                  "type": "string"
                },
                "WriteSecurity": {
                  "type": "string"
                },
                "SiteTitle": {
                  "type": "string"
                },
                "ListTitle": {
                  "type": "string"
                },
                "displayFormUrl": {
                  "type": "string"
                },
                "newFormUrl": {
                  "type": "string"
                },
                "editFormUrl": {
                  "type": "string"
                },
                "CurrentUserId": {
                  "type": "integer"
                },
                "isModerated": {
                  "type": "boolean"
                },
                "EnableRequestSignOff": {
                  "type": "boolean"
                },
                "isForceCheckout": {
                  "type": "boolean"
                },
                "EnableMinorVersions": {
                  "type": "boolean"
                },
                "verEnabled": {
                  "type": "boolean"
                },
                "recursiveView": {
                  "type": "boolean"
                },
                "WorkflowsAssociated": {
                  "type": "boolean"
                },
                "ContentTypesEnabled": {
                  "type": "boolean"
                },
                "DocumentLibraryCalloutOfficeWebAppPreviewersDisabled": {
                  "type": "boolean"
                },
                "RegionalSettingsTimeZoneBias": {
                  "type": "integer"
                },
                "NewWOPIDocumentEnabled": {
                  "type": "boolean"
                },
                "NewWOPIDocumentUrl": {
                  "type": "string"
                },
                "NewWOPIDocumentTypes": {
                  "type": "integer"
                },
                "canUserCreateMicrosoftForm": {
                  "type": "boolean"
                },
                "AllowCreateFolder": {
                  "type": "boolean"
                },
                "CanShareLinkForNewDocument": {
                  "type": "boolean"
                },
                "VisioDrawingCreationEnabled": {
                  "type": "boolean"
                },
                "SiteTemplateId": {
                  "type": "integer"
                },
                "TenantTagPolicyEnabled": {
                  "type": "boolean"
                },
                "WebExcludeFromOfflineClient": {
                  "type": "boolean"
                },
                "ExcludeFromOfflineClient": {
                  "type": "boolean"
                }
              }
            }
          }
        },
        "Apply_to_each": {
          "foreach": "@body('Parse_JSON')?['ListData']?['Row']",
          "actions": {
            "Compose": {
              "runAfter": {},
              "metadata": {
                "operationMetadataId": "c4f40c11-de59-4a50-b0c2-3f96b4b676b3"
              },
              "type": "Compose",
              "inputs": "@items('Apply_to_each')?['FileLeafRef.Name']"
            }
          },
          "runAfter": {
            "Parse_JSON": [
              "Succeeded"
            ]
          },
          "metadata": {
            "operationMetadataId": "6268ade1-be83-4cdd-b4a1-e71827fd30bc"
          },
          "type": "Foreach"
        },
        "AccessToken": {
          "runAfter": {
            "Apply_to_each": [
              "Succeeded"
            ]
          },
          "metadata": {
            "operationMetadataId": "48fa8edc-cd8a-4f8c-9053-31461f65d50e"
          },
          "type": "Compose",
          "inputs": "@body('Parse_JSON')?['ListSchema']?['.driveAccessToken']"
        },
        "Select": {
          "runAfter": {
            "AccessToken": [
              "Succeeded"
            ]
          },
          "metadata": {
            "operationMetadataId": "0d398343-0e24-4e77-9d33-d38c7fc69a6f"
          },
          "type": "Select",
          "inputs": {
            "from": "@body('Parse_JSON')?['ListData']?['Row']",
            "select": {
              "name": "@item()?['FileLeafRef']",
              "size": "@item()?['SMTotalSize']",
              "docId": "@{item()?['.spItemUrl']}&@{outputs('AccessToken')}"
            }
          }
        },
        "ItemsObject": {
          "runAfter": {
            "Select": [
              "Succeeded"
            ]
          },
          "metadata": {
            "operationMetadataId": "29c677e2-c05d-4a24-a9f1-b5a1b22cf55d"
          },
          "type": "Compose",
          "inputs": {
            "items": "@body('Select')"
          }
        },
        "Send_an_HTTP_request_to_SharePoint_2": {
          "runAfter": {
            "ItemsObject": [
              "Succeeded"
            ]
          },
          "metadata": {
            "operationMetadataId": "b15d9767-e931-4580-94cf-33649623d763"
          },
          "type": "OpenApiConnection",
          "inputs": {
            "host": {
              "connectionName": "shared_sharepointonline",
              "operationId": "HttpRequest",
              "apiId": "/providers/Microsoft.PowerApps/apis/shared_sharepointonline"
            },
            "parameters": {
              "dataset": "@body('Parse_JSON')?['ListSchema']?['.mediaBaseUrl']",
              "parameters/method": "POST",
              "parameters/uri": "/transform/zip?cs=@{body('Parse_JSON')?['ListSchema']?['.callerStack']}",
              "parameters/headers": {
                "Content-Type": "application/x-www-form-urlencoded"
              },
              "parameters/body": "zipFileName=test.zip&guid=@{guid()}&provider=spo&files=@{encodeUriComponent(outputs('ItemsObject'))}&oAuthToken="
            },
            "authentication": "@parameters('$authentication')"
          }
        },
        "Create_file": {
          "runAfter": {
            "Create_file_2": [
              "Succeeded"
            ]
          },
          "metadata": {
            "operationMetadataId": "a2a0b906-f0ba-47c4-b86b-44264b70b1af"
          },
          "type": "OpenApiConnection",
          "inputs": {
            "host": {
              "connectionName": "shared_onedriveforbusiness",
              "operationId": "CreateFile",
              "apiId": "/providers/Microsoft.PowerApps/apis/shared_onedriveforbusiness"
            },
            "parameters": {
              "folderPath": "/ZipFile",
              "name": "testFile.zip",
              "body": "@base64ToBinary(outputs('Send_an_HTTP_request_to_SharePoint_2')?['body']['$content'])"
            },
            "authentication": "@parameters('$authentication')"
          },
          "runtimeConfiguration": {
            "contentTransfer": {
              "transferMode": "Chunked"
            }
          }
        },
        "Create_file_2": {
          "runAfter": {
            "Send_an_HTTP_request_to_SharePoint_2": [
              "Succeeded"
            ]
          },
          "metadata": {
            "operationMetadataId": "5d73bfd6-33be-4d33-8b51-0db1214e4e10"
          },
          "type": "OpenApiConnection",
          "inputs": {
            "host": {
              "connectionName": "shared_sharepointonline",
              "operationId": "CreateFile",
              "apiId": "/providers/Microsoft.PowerApps/apis/shared_sharepointonline"
            },
            "parameters": {
              "dataset": "https://m365x59074758.sharepoint.com/sites/ZIPPOC",
              "folderPath": "/ZipFile",
              "name": "testFile.zip",
              "body": "@base64ToBinary(outputs('Send_an_HTTP_request_to_SharePoint_2')?['body']['$content'])"
            },
            "authentication": "@parameters('$authentication')"
          },
          "runtimeConfiguration": {
            "contentTransfer": {
              "transferMode": "Chunked"
            }
          }
        },
        "Respond_to_a_PowerApp_or_flow": {
          "runAfter": {
            "Compose_4": [
              "Succeeded"
            ]
          },
          "metadata": {
            "operationMetadataId": "221db570-139e-41ce-8e90-10bc1c573452"
          },
          "type": "Response",
          "kind": "PowerApp",
          "inputs": {
            "statusCode": 200,
            "body": {
              "filepath": "https://m365x59074758.sharepoint.com/sites/ZIPPOC/@{outputs('Create_file_2')?['body/Path']}"
            },
            "schema": {
              "type": "object",
              "properties": {
                "filepath": {
                  "title": "FilePath",
                  "x-ms-dynamically-added": true,
                  "type": "string"
                }
              }
            }
          }
        },
        "Compose_4": {
          "runAfter": {
            "Create_file": [
              "Succeeded"
            ]
          },
          "metadata": {
            "operationMetadataId": "bfa73447-078f-47f0-8142-cca4395026c0"
          },
          "type": "Compose",
          "inputs": "https://m365x59074758.sharepoint.com/sites/ZIPPOC/@{outputs('Create_file_2')?['body/Path']}"
        }
      },
      "outputs": {}
    },
    "templateName": ""
  },
  "schemaVersion": "1.0.0.0"
}